name,author,artwork_url,game_code,license,like_count,description,top5_comments
Bastion Merge,Asté,https://www.lexaloffle.com/media/128207/6_selfies pico.png,https://www.lexaloffle.com/bbs/widget.php?pid=bastion_merge,CC4-BY-NC-SA,8,,"[thePixelXb_]: Mark as Spam Mark as Abuse thePixelXb_ • 2026-04-13* 2026-04-13 17:48* Nice blend of Vampire Survivor and 2048, challenging my reflexes as well as tower-defense strategy. To sustain your defense, a batch of intermediate units may work better than a single King. Always produce unit on behind, so the  | [Asté]: 1 Mark as Spam Mark as Abuse Asté • 2026-04-13 2026-04-13 18:15 Thank you very much for your comment! You’re absolutely right,the range of the early units is quite limited, so it’s really important to prioritize your strongest soldiers on the front line. The hardest part is resisting the temptation  | [ChazBCook]: Mark as Spam Mark as Abuse ChazBCook • 2026-04-13* 2026-04-13 22:07* I really enjoyed this cart—super easy to pick up and understand what to do right away. The merge mechanic clicked fast and felt satisfying. That said, I definitely ran into a moment where I merged too many units and things kind of  | [thePixelXb_]: Mark as Spam Mark as Abuse thePixelXb_ • 2026-04-14 2026-04-14 02:21 Given those enemies' HP grows at a quadratic rate, whereas the allies grow only linearly at the multipier of 1.2 plus the exponential upgrading time required, the later defense is especially tough and unstable. Could have used SL t"
Bem Tennis,BemBlob,https://www.lexaloffle.com/media/89244/bem blob.jpg,https://www.lexaloffle.com/bbs/widget.php?pid=bem_tennis,CC4-BY-NC-SA,3,,"[ChazBCook]: Mark as Spam Mark as Abuse ChazBCook • 2026-04-13 2026-04-13 22:18 Really nice first game! It’s simple but clean, and it works exactly how you expect right away. I especially liked the little touches like the ball blinking before the serve and the slight randomness on the AI—it gives it some persona"
Robot Jumper,Fischi,https://www.lexaloffle.com/media/117738/4_Pico-8 profile better.png,https://www.lexaloffle.com/bbs/widget.php?pid=gefuhefaf,CC4-BY-NC-SA,2,,
Wunderball,Ulexes,https://www.lexaloffle.com/media/42956/aeneas_nin_logo.png,https://www.lexaloffle.com/bbs/widget.php?pid=wunderball,CC4-BY-NC-SA,7,,[GODSB1T]: Mark as Spam Mark as Abuse GODSB1T • 2026-04-13 2026-04-13 12:04 Beautiful! Very relaxing...
Snake Gameboy,pitulloz,https://www.lexaloffle.com/bimg/pi/pi5.png,https://www.lexaloffle.com/bbs/widget.php?pid=snakegb,CC4-BY-NC-SA,2,,
Celly Blood RBC Simulator,bubbleobilliam,https://www.lexaloffle.com/bbs/thumbs/pico8_cellybloodrbcsim-1.png,https://www.lexaloffle.com/bbs/widget.php?pid=cellybloodrbcsim,CC4-BY-NC-SA,1,,[DRStudio2010]: Mark as Spam Mark as Abuse DRStudio2010 • 2026-04-13 2026-04-13 04:41 Celly Blood looks kinda cute
10 years anniversary of P.Craft,NuSan,https://www.lexaloffle.com/media/11048/Avatar_nusan_5x.png,https://www.lexaloffle.com/bbs/widget.php?pid=nusan_mcraft,CC4-BY-NC-SA,8,,"[thePixelXb_]: Mark as Spam Mark as Abuse thePixelXb_ • 2026-04-11* 2026-04-11 16:20* This feels way doomed from the original P.Craft! Just got the merciest of all settings, and I'm not sure if I've mentally prepared for the hardest yet :( Edit: the random respawn setting somehow reminds me of MITE the ancient Min | [MelonkeepR]: 1 Mark as Spam Mark as Abuse MelonkeepR • 2026-04-11 2026-04-11 23:01 This is a really fun twist on P. Craft. I have been speedrunning this game for five years now so it means a lot to see an anniversary like this. I beat the max mode (half-minit,lose all, random respawn, no pause, with nemesis) on  | [ellie]: Mark as Spam Mark as Abuse ellie • 2026-04-12 2026-04-12 00:30 Happy 10 year anniversary everyone ! I love pcraft !!! | [thePixelXb_]: Mark as Spam Mark as Abuse thePixelXb_ • 2026-04-12 2026-04-12 04:06 @MelonkeepR : Really appreciate how you've beat it with Lost All options! I've only won that with Tomb All, and been wondering how you've retained the resources to make a chest in such short periods of time. | [MelonkeepR]: 1 Mark as Spam Mark as Abuse MelonkeepR • 2026-04-12 2026-04-12 12:43 @thePixelXb_ the best way i found to make a chest early on is to use one of your lives to make a wooden pickaxe and damage the stone until it is almost broken (you can hit it 4 times as each swing does 3 damage and it takes 15 to "
First game!!!!,JustLemonPaint,https://www.lexaloffle.com/media/145535/2_Lemon paint.png,https://www.lexaloffle.com/bbs/widget.php?pid=fishing_game,CC4-BY-NC-SA,8,,"[JustLemonPaint]: Mark as Spam Mark as Abuse JustLemonPaint • 2026-04-11 2026-04-11 02:49 Tell me if anything is wrong and also give me game ideas if you enjoyed this one!! (please) | [thePixelXb_]: 1 Mark as Spam Mark as Abuse thePixelXb_ • 2026-04-11* 2026-04-11 04:43* Some easy trick to rerun for controller or touchscreens: call extcmd(""reset"") in a button if condition to restart by pressing a key combination (for example, ❎+🅾️). Also, Ctrl-7 takes a screenshot as a cart label before saving, | [username5555]: Mark as Spam Mark as Abuse username5555 • 2026-04-11 2026-04-11 07:03 Nice game. | [JustLemonPaint]: 1 Mark as Spam Mark as Abuse JustLemonPaint • 2026-04-11 2026-04-11 09:11 yo thePixelXb_ thanks for letting me know how reset/restart my game omw to adding it | [gingersaurus]: Mark as Spam Mark as Abuse gingersaurus • 2026-04-11 2026-04-11 16:10 My score is 1125. :) This is a great first game, well done! I like the variety of fish and the different points or deductions you get from catching them."
Exfiltr8,Eagle&Falcon,https://www.lexaloffle.com/media/144719/6_Screenshot 2026-04-11 at 8.26.06 PM.png,https://www.lexaloffle.com/bbs/widget.php?pid=exfiltr8,CC4-BY-NC-SA,2,,
Missile Master,Eriond,https://www.lexaloffle.com/media/116500/83_gif mwahahaha.gif,https://www.lexaloffle.com/bbs/widget.php?pid=missile_master,CC4-BY-NC-SA,4,,"[Elryth]: 1 Mark as Spam Mark as Abuse Elryth • 2026-04-11 2026-04-11 01:06 Nice! Fantastic sound track, simple but addictive game play. Good job."
Mermaid Swim,saderrs,https://www.lexaloffle.com/media/145426/2_IMG_0110.png,https://www.lexaloffle.com/bbs/widget.php?pid=mermaidswim,CC4-BY-NC-SA,3,,
Pixel Dress Up,saderrs,https://www.lexaloffle.com/media/145426/2_IMG_0110.png,https://www.lexaloffle.com/bbs/widget.php?pid=pixeldressup,CC4-BY-NC-SA,2,,
Friar Jason,kn0ne,https://www.lexaloffle.com/media/113837/kn0ne_b.png,https://www.lexaloffle.com/bbs/widget.php?pid=friar_jason,CC4-BY-NC-SA,3,,
jackpot_simulator_demake,BitLuder,https://www.lexaloffle.com/bimg/pi/pi23.png,https://www.lexaloffle.com/bbs/widget.php?pid=jackpot_simulator_demake,CC4-BY-NC-SA,2,,
Ghost Word Game 1.0,Anolddriver66,https://www.lexaloffle.com/bimg/pi/pi31.png,https://www.lexaloffle.com/bbs/widget.php?pid=ghost_v1,3,3,,"[thePixelXb_]: Mark as Spam Mark as Abuse thePixelXb_ • 2026-04-09* 2026-04-09 09:22* Theoretically, spinning out a even-number length word with no extension is possible to win. But then met this thing on the 2nd round: Edit: got it now. The criterion is reversed: whoever meets the complete word, or strikes into w"
Delivery Pilot,Ryan_Damm,https://www.lexaloffle.com/bimg/pi/pi16.png,https://www.lexaloffle.com/bbs/widget.php?pid=tsa_2026_8623,4,4,,
Random Number Distribution,NesQuik0996,https://www.lexaloffle.com/bimg/pi/pi4.png,https://www.lexaloffle.com/bbs/widget.php?pid=rndnmbdist,2,2,,"[thePixelXb_]: 1 Mark as Spam Mark as Abuse thePixelXb_ • 2026-04-09 2026-04-09 06:59 Since it takes tons of samples to depict accurately the distribution, it's suggested to set the relative value (x / maximum) as the Y-axis to prevent the columns from breaking the upper limit. | [DRStudio2010]: Mark as Spam Mark as Abuse DRStudio2010 • 2026-04-11 2026-04-11 22:53 Wow!"
Space Blade!,DH_Games,https://www.lexaloffle.com/bimg/pi/pi11.png,https://www.lexaloffle.com/bbs/widget.php?pid=jtspcbl,CC4-BY-NC-SA,2,,
star_blaster,maazxp,https://www.lexaloffle.com/bimg/pi/pi21.png,https://www.lexaloffle.com/bbs/widget.php?pid=sofegufiku,CC4-BY-NC-SA,2,,[XeonBrix]: 1 Mark as Spam Mark as Abuse XeonBrix • 2026-04-09 2026-04-09 10:35 جميل كا بدايه بس عادي بصراحه
AlleyYay,riostuff,https://www.lexaloffle.com/bimg/pi/pi22.png,https://www.lexaloffle.com/bbs/widget.php?pid=alleyyay_rio2,CC4-BY-NC-SA,3,,"[ChazBCook]: 1 Mark as Spam Mark as Abuse ChazBCook • 2026-04-08 2026-04-08 17:14 Really enjoyed playing this—great first PICO-8 game 👍 The level compression system is especially nice. Using compact strings with repeats and parsing them into layouts is a really smart approach, and it feels very “in the spirit” o"
D&D Dice Roller,IL Matthew,https://www.lexaloffle.com/media/98464/2_me.jpg,https://www.lexaloffle.com/bbs/widget.php?pid=dd_diceroller,CC4-BY-NC-SA,3,,
Dunk or Drown: A High-Stakes Biscuit Simulator,Kiks,https://www.lexaloffle.com/media/144351/IMG_20260326_133826.png,https://www.lexaloffle.com/bbs/widget.php?pid=dunkordrown,CC4-BY-NC-SA,10,,"[ANejat]: 2 Mark as Spam Mark as Abuse ANejat • 2026-04-08 2026-04-08 10:27 WWHOOOO this is now my favourite game. Seriously, it's fun as heck. | [Kiks]: Mark as Spam Mark as Abuse Kiks • 2026-04-08 2026-04-08 11:41 Thank you! I am happy you enjoy it! :) | [Verb]: 2 Mark as Spam Mark as Abuse Verb • 2026-04-08 2026-04-08 13:13 Good training for dipping irl. Perhaps I'll make it to the national league? 😀 | [Erm]: 1 Mark as Spam Mark as Abuse Erm • 2026-04-08 2026-04-08 13:14 I got 583 with 4 perfect dips, this game is really fun and well made | [Kiks]: Mark as Spam Mark as Abuse Kiks • 2026-04-08 2026-04-08 17:57 Im happy you all enjoy it. I did not think anyone would play my game, so I appreciate all the nice words ♥️"
Ninja Garden - My first PICO-8 game!,foxtheraven,https://www.lexaloffle.com/bimg/pi/pi7.png,https://www.lexaloffle.com/bbs/widget.php?pid=ninjagarden,CC4-BY-NC-SA,8,,"[thePixelXb_]: Mark as Spam Mark as Abuse thePixelXb_ • 2026-04-07 2026-04-07 23:17 The later game is bit of tense, but anyways I got that won :) | [foxtheraven]: Mark as Spam Mark as Abuse foxtheraven • 2026-04-08 2026-04-08 00:06 Haha yeah, it escalates really fast! I wanted it to be fairly short so nobody would have to linger too long at my science fair table, and also not super easy. But thank you for playing!! :D"
The Masked Gate,earthcube,https://www.lexaloffle.com/bimg/pi/pi18.png,https://www.lexaloffle.com/bbs/widget.php?pid=maskedgate_30,CC4-BY-NC-SA,7,,"[phil]: 1 Mark as Spam Mark as Abuse phil • 2026-04-09 2026-04-09 10:58 Very nice cart. Love the look of it and its very simple to understand and play. As you've realised, replayability does suffer. This feels like a sub-game of something bigger. The simplest change you could make, would be to add a timer t | [earthcube]: Mark as Spam Mark as Abuse earthcube • 2026-04-09 2026-04-09 16:04 Thank you for the thorough feedback! Yes, adding a time limit and/or a challenge to open as many gates as possible within a given time could make it a lot more engaging. I’ll see if I’ll incorporate something like that or iterate and"
Untitled,HappMacDonald,https://www.lexaloffle.com/media/112084/happ_by_yanyandere_(final).png,https://www.lexaloffle.com/bbs/widget.php?pid=color_bar_screensaver,CC4-BY-NC-SA,5,,[Lefthanded]: 1 Mark as Spam Mark as Abuse Lefthanded • 2026-04-09 2026-04-09 15:05 I've been really enjoying this one. Kinda reminds me of the old Windows screensaver. It inspired me to try my hand at visualizer coding!
"Later, 'vator!",nagasella,https://www.lexaloffle.com/bimg/pi/pi17.png,https://www.lexaloffle.com/bbs/widget.php?pid=latervator,6,6,,
Memory Card Game,bgangioni,https://www.lexaloffle.com/media/142161/pixil-face-3.png,https://www.lexaloffle.com/bbs/widget.php?pid=memorycard,CC4-BY-NC-SA,2,,
basic3drenderer,Jabz,https://www.lexaloffle.com/bimg/pi/pi23.png,https://www.lexaloffle.com/bbs/widget.php?pid=basic3drenderer,CC4-BY-NC-SA,3,,
Asteroids,pcal,https://www.lexaloffle.com/bimg/pi/pi11.png,https://www.lexaloffle.com/bbs/widget.php?pid=asteroids_pcal,CC4-BY-NC-SA,2,,
Snekburd Level Editor,Werxzy,https://www.lexaloffle.com/media/80204/robot.png,https://www.lexaloffle.com/bbs/widget.php?pid=snekburd_editor,16,16,,[queequeg]: 1 Mark as Spam Mark as Abuse queequeg • 2026-04-09 2026-04-09 02:42 Works great. Fantastic work. | [nitsuj]: 1 Mark as Spam Mark as Abuse nitsuj • 2026-04-11 2026-04-11 14:49 deserves to be starred | [mikamembert]: 1 Mark as Spam Mark as Abuse mikamembert • 2026-04-12 2026-04-12 18:11 nice
Adventure time,littleball,https://www.lexaloffle.com/bimg/pi/pi14.png,https://www.lexaloffle.com/bbs/widget.php?pid=lb_adventure,Copy and paste the snippet below into your HTML,0,,[thePixelXb_]: Mark as Spam Mark as Abuse thePixelXb_ • 2026-04-06 2026-04-06 12:53 Honestly I've been too familiar with such map layout from the adventure map tutorial template… As well as the diagonal walking feature.
Ico sphere 3D,Jabz,https://www.lexaloffle.com/bimg/pi/pi23.png,https://www.lexaloffle.com/bbs/widget.php?pid=icosphere,CC4-BY-NC-SA,6,,"[ChazBCook]: 1 Mark as Spam Mark as Abuse ChazBCook • 2026-04-06 2026-04-06 06:31 I took some time to really dig into this, and it’s honestly impressive—this isn’t just a simple project, it’s a full-on 3D engine running in PICO-8. The way you’re handling transforms, projection, and rendering is seriously well do"
Mr Stephen's Dead End,MrStephen,https://www.lexaloffle.com/media/145248/4_ProfilePicture.png,https://www.lexaloffle.com/bbs/widget.php?pid=mrstephendeadend,11,11,,"[paloblancogames]: Mark as Spam Mark as Abuse paloblancogames • 2026-04-06 2026-04-06 01:34 Cute game. I like that you made a 16*16 (I think?) sprite - gives the game a Gameboy or game gear feel, having a large protagonist. Only took me a few minutes to escape, but was fun. Cheers. | [kingargs]: Mark as Spam Mark as Abuse kingargs • 2026-04-06 2026-04-06 04:22 nice | [thePixelXb_]: Mark as Spam Mark as Abuse thePixelXb_ • 2026-04-06 2026-04-06 06:10 Sub-60s completed :) | [phil]: Mark as Spam Mark as Abuse phil • 2026-04-06 2026-04-06 08:28 Nice fun game. Far too short though! Its a shame that you have said ""it's as complete as it's going to be"" since the aesthetic and idea is nice. This would be great with a bigger map , more complicated puzzles and longer play time. But it | [MrStephen]: 2 Mark as Spam Mark as Abuse MrStephen • 2026-04-08 2026-04-08 15:39 Thanks, everyone, for your comments. @paloblancogames Yes, it's 16x16. I wanted to get the same feel as the games I remembered growing up. It could have been 16x32, but I didn't think I needed to for Pico-8. I may have done if I wa"
particledefender,PixelSensei,https://www.lexaloffle.com/media/138432/21_pixil-frame-0 - 2024-03-09T195955.622.png,https://www.lexaloffle.com/bbs/widget.php?pid=particledefender,CC4-BY-NC-SA,2,,"[ChazBCook]: 1 Mark as Spam Mark as Abuse ChazBCook • 2026-04-05 2026-04-05 16:25 Cool game—even though I’m not great at shooters, I had fun with it. One issue I ran into: it seems like the ESC key is disabled, so if you play in fullscreen on the website, there’s no easy way to exit the game. You might want to l | [PixelSensei]: Mark as Spam Mark as Abuse PixelSensei • 2026-04-06 2026-04-06 10:18 Thank you for playing ! esc works in my test. I will look for the problem and try to find a solution. Happy you liked the game ! I'm curious, what was your score?"
Galagamu,TexNash,https://www.lexaloffle.com/bimg/pi/pi30.png,https://www.lexaloffle.com/bbs/widget.php?pid=galagamu,CC4-BY-NC-SA,5,,
moTunes,Mot,https://www.lexaloffle.com/media/39676/35_buggy.png,https://www.lexaloffle.com/bbs/widget.php?pid=mot_tunes,CC4-BY-NC-SA,7,,
picosteroids 1.1,mrozkar,https://www.lexaloffle.com/bimg/pi/pi10.png,https://www.lexaloffle.com/bbs/snippet.php?cart_id=picosteroids-3&src=1,CC4-BY-NC-SA,3,,
Artefacts of Atlantis,MWB,https://www.lexaloffle.com/media/47017/MWB_Profile_256.jpg,https://www.lexaloffle.com/bbs/widget.php?pid=artefactsofatlantis,CC4-BY-NC-SA,16,,"[ChazBCook]: 2 Mark as Spam Mark as Abuse ChazBCook • 2026-04-05 2026-04-05 01:12 The game is ambitious and visually interesting, with a lot of systems working together. However, the initial experience can feel overwhelming, as it’s not immediately clear how everything works. Including a concise, single-screen t | [thePixelXb_]: 2 Mark as Spam Mark as Abuse thePixelXb_ • 2026-04-05 2026-04-05 08:25 Just got the first treasure in the game! It is not that complicated once adapted to the interface, but have to be very patient to draw closer to what the sonar indicates. A practical tip here: a = sign in sonar tells the artifact | [CaSquall]: 1 Mark as Spam Mark as Abuse CaSquall • 2026-04-05* 2026-04-05 20:17* I'll challenge Chaz' comment a bit and say that I enjoyed figuring out how it worked on my own, it didn't feel that complicated once you understood what you were looking at imo. | [Ulexes]: 1 Mark as Spam Mark as Abuse Ulexes • 2026-04-06 2026-04-06 02:15 This has the coolest UI I've seen in a while. The difficulty curve is high, but it reminds me (favorably!) of the complicated simulation games on my relatives' PCs when I was far too young to know what was going on. Terrific stuff. | [ChazBCook]: 1 Mark as Spam Mark as Abuse ChazBCook • 2026-04-06* 2026-04-06 06:21* I spent some time really digging into this, trying to understand how everything fits together, and I have to say—it’s seriously impressive work. There’s a lot going on under the hood, and once it starts to click, you can really a"
Stardust,Mubanga,https://www.lexaloffle.com/media/133680/2_Screenshot 2025-11-01 at 16.02.17.png,https://www.lexaloffle.com/bbs/widget.php?pid=mubanga_stardust,CC4-BY-NC-SA,3,,[FoxyChalet]: 1 Mark as Spam Mark as Abuse FoxyChalet • 2026-04-04 2026-04-04 18:57 I like what's here and the future plans sound awesome!
Mate-in-2 vol. 6 -- 3 Strikes!,camp39,https://www.lexaloffle.com/media/92361/avatar2.png,https://www.lexaloffle.com/bbs/widget.php?pid=mate2vol6,CC4-BY-NC-SA,3,,[queequeg]: Mark as Spam Mark as Abuse queequeg • 2026-04-05 2026-04-05 18:10 Wow!
winratecalcgraph,Smithy,https://www.lexaloffle.com/bimg/pi/pi31.png,https://www.lexaloffle.com/bbs/widget.php?pid=winratecalcgraph,CC4-BY-NC-SA,1,,
Logo Programmer,aki44,https://www.lexaloffle.com/bimg/pi/pi18.png,https://www.lexaloffle.com/bbs/widget.php?pid=logoprog,CC4-BY-NC-SA,2,,"[thePixelXb_]: 1 Mark as Spam Mark as Abuse thePixelXb_ • 2026-04-04* 2026-04-04 02:56* A solid Turtle demake plus visual programming on PICO-8. For the only complaint for me is that deleting will always lead to wiping out the upper command, so suggest delete by double-tapping X instead. Edit: btw, your cart have "
Duck Pond,MehStrongBadMeh,https://www.lexaloffle.com/media/47878/MSBMModAvatarImageAqui.png,https://www.lexaloffle.com/bbs/widget.php?pid=duck_pond_2600,CC4-BY-NC-SA,7,,[stargazer245]: Mark as Spam Mark as Abuse stargazer245 • 2026-04-07 2026-04-07 23:46 hell yeah! at least this can't get DELETED!!!
Ms Pac-Man Demake,levster,https://www.lexaloffle.com/bimg/pi/pi17.png,https://www.lexaloffle.com/bbs/widget.php?pid=rapiposuze,CC4-BY-NC-SA,2,,"[Minion]: Mark as Spam Mark as Abuse Minion • 2026-04-04 2026-04-04 09:09 If you want to use the Ms PacMan music, you can find the music here ... https://www.vgmusic.com/music/other/miscellaneous/arcade/ Then you can use this nifty tool to create the pico8 music version of them ... https://bikibird.itch.io/de"
Conways Game of Life,AtomicPico,https://www.lexaloffle.com/media/122873/images.jpg,https://www.lexaloffle.com/bbs/snippet.php?cart_id=conwaysgameoflifepico8-0&src=1,CC4-BY-NC-SA,1,,[Loopseeder9999]: Mark as Spam Mark as Abuse Loopseeder9999 • 2026-04-06 2026-04-06 14:52 I made a glider gun!
Micro Greens 1.0,PincushionGames,https://www.lexaloffle.com/media/142810/5_logo-blue-background-1006x1006.png,https://www.lexaloffle.com/bbs/widget.php?pid=microgreens,CC4-BY-NC-SA,3,,
Scary Maze!,Lobo,https://www.lexaloffle.com/media/55954/lobo avatar.png,https://www.lexaloffle.com/bbs/widget.php?pid=scary_maze,CC4-BY-NC-SA,14,,"[Verb]: 3 Mark as Spam Mark as Abuse Verb • 2026-04-03 2026-04-03 21:56 🧍🧎🛌🪦 | [paloblancogames]: 1 Mark as Spam Mark as Abuse paloblancogames • 2026-04-04* 2026-04-04 00:47* 💀 That really got me lol. Kudos on the song, it's hilarious. | [thePixelXb_]: 1 Mark as Spam Mark as Abuse thePixelXb_ • 2026-04-04 2026-04-04 01:31 | [gingersaurus]: 1 Mark as Spam Mark as Abuse gingersaurus • 2026-04-05 2026-04-05 03:15 BURSTS INTO THE ROOM THROUGH THE DRYWALL Is that a chiptune version of Green Peppers by Herb Alpert??????? I got so excited when I recognized that song, I didn't have time to be scared by the ghost (who is very cute btw) | [Lobo]: 1 Mark as Spam Mark as Abuse Lobo • 2026-04-05* 2026-04-05 12:25* @gingersaurus SO CLOSE! That's Spanish Flea, also by Herb Alpert! ...and you owe me a new drywall >:("
timuzipoza,ectofuctus,https://www.lexaloffle.com/bimg/pi/pi27.png,https://www.lexaloffle.com/bbs/widget.php?pid=timuzipoza,CC4-BY-NC-SA,3,,"[buckymorelike]: Mark as Spam Mark as Abuse buckymorelike • 2026-04-09 2026-04-09 02:37 This is an awesome version of minesweeper, I love it!!"
Game,h0b01,https://www.lexaloffle.com/media/136642/frame1.png,https://www.lexaloffle.com/bbs/widget.php?pid=hobo,2,2,,"[ChazBCook]: 2 Mark as Spam Mark as Abuse ChazBCook • 2026-04-03 2026-04-03 20:32 Nice demo but cpu is 350% | [IMLXH]: 1 Mark as Spam Mark as Abuse IMLXH • 2026-04-03 2026-04-03 22:27 hot dang, programmatic soundtrack???"
Poland Puzzle,zbrek,https://www.lexaloffle.com/bimg/pi/pi9.png,https://www.lexaloffle.com/bbs/widget.php?pid=zbrek_poland_puzzle,CC4-BY-NC-SA,7,,[pcal]: 1 Mark as Spam Mark as Abuse pcal • 2026-04-04 2026-04-04 03:28 Nice work! 4 minutes 23 seconds. Pretty good for an American!
LootSlime,moleman,https://www.lexaloffle.com/bimg/pi/pi17.png,https://www.lexaloffle.com/bbs/widget.php?pid=lootslime,34,34,,"[nitsuj]: 4 Mark as Spam Mark as Abuse nitsuj • 2026-04-03 2026-04-03 14:54 looks extremely cool. i think it just needs coyote time. | [moleman]: Mark as Spam Mark as Abuse moleman • 2026-04-03 2026-04-03 15:00 @nitsuj Thanks! Yeah I didn't include coyote time in this one. I had planned to get around to it but then I got used to it without it and became a bit attached to how it was. If it is a prominent pain point for lots of people I might p | [Luka tv]: Mark as Spam Mark as Abuse Luka tv • 2026-04-03 2026-04-03 15:08 I can see the heavy inspiration from ANIMAL WELL this is going to be good | [AntArrow]: Mark as Spam Mark as Abuse AntArrow • 2026-04-03 2026-04-03 15:09 It's so cool that the vines actually swing. Good job! | [moleman]: Mark as Spam Mark as Abuse moleman • 2026-04-03* 2026-04-03 15:12* @Luka tv Yeah animal well was a big inspiration, as was Moss Moss! It was originally meant to be more laid back and relaxing like those games, but early on in development I started replaying Super Meat Boy and it ended up taking a lo"
Simple Snakes,lloydev,https://www.lexaloffle.com/media/145116/3_lloydev_logo_pixel_art.png,https://www.lexaloffle.com/bbs/widget.php?pid=simple_snakes,CC4-BY-NC-SA,3,,"[ChazBCook]: Mark as Spam Mark as Abuse ChazBCook • 2026-04-03 2026-04-03 11:28 Nice first game—great work! You might consider using sprites instead of pixels for the snake, and slowing the speed down a bit to improve the overall feel. | [lloydev]: Mark as Spam Mark as Abuse lloydev • 2026-04-03 2026-04-03 12:32 Thanks! I'm definitely gonna try playing around with sprites next time."
Woodblock and the geese,Eriond,https://www.lexaloffle.com/media/116500/83_gif mwahahaha.gif,https://www.lexaloffle.com/bbs/widget.php?pid=woodblock_and_the_geese,CC4-BY-NC-SA,4,,
Cambrian Fishing,gingersaurus,https://www.lexaloffle.com/media/54621/8_sinosauropteryx.png,https://www.lexaloffle.com/bbs/widget.php?pid=cambrian_fishing,CC4-BY-NC-SA,8,,"[thePixelXb_]: 1 Mark as Spam Mark as Abuse thePixelXb_ • 2026-04-03 2026-04-03 06:52 It might be seen impossible on the phone, but for now by rolling my finger wildly around the X I've caught the behemoth for more than once :o | [gingersaurus]: 1 Mark as Spam Mark as Abuse gingersaurus • 2026-04-03 2026-04-03 13:29 @thePixelXb_ I did not realize how difficult it would be to button-mash on a phone. X'D I had to lay the phone down on a flat surface just to have a fighting chance against ""the behemoth"" (love that nickname for it btw haha). Ma | [thePixelXb_]: Mark as Spam Mark as Abuse thePixelXb_ • 2026-04-03* 2026-04-03 14:42* @gingersaurus : Exactly it is about swiping repeatedly left to right , or circling like a reel around the X button. It is almost impossible to mash manually on the phone, therefore that alternative way. | [mcman]: 2 Mark as Spam Mark as Abuse mcman • 2026-04-07 2026-04-07 15:41 omg the grey one took me so long | [gingersaurus]: Mark as Spam Mark as Abuse gingersaurus • 2026-04-07 2026-04-07 20:19 @mcman Wow, there's quite a few that nearly ran into the double-digits. X'D That was one elusive Waptia! Well done. I just updated the game to display a congratulatory message when you complete a collection :)"
Idle 8 (an Idle Breakout Demake),AtomicPico,https://www.lexaloffle.com/media/122873/images.jpg,https://www.lexaloffle.com/bbs/widget.php?pid=idle8,CC4-BY-NC-SA,3,,"[RealShadowCaster]: Mark as Spam Mark as Abuse RealShadowCaster • 2026-04-03 2026-04-03 07:03 Interesting but feels unfinished : 1st, money should be able to handle big numbers. For an idle game, warping from 32767 to -32768 is bad : it's only 3 levels of the click upgrade. you can treat numbers as 32 bit integers inst"
Chopper Command Demake,levster,https://www.lexaloffle.com/bimg/pi/pi17.png,https://www.lexaloffle.com/bbs/widget.php?pid=masasirego,"d, but is provided free of charge as a hommage to the classic Activision game",4,,[rufenerd]: Mark as Spam Mark as Abuse rufenerd • 2026-04-03 2026-04-03 02:17 Cool! It definitely has that classic feel. | [grindkrusher]: Mark as Spam Mark as Abuse grindkrusher • 2026-04-06 2026-04-06 19:56 ahhh..simpler times. | [2bitchuck]: Mark as Spam Mark as Abuse 2bitchuck • 2026-04-06 2026-04-06 23:02 Well now I'm playing Chopper Command on my laptop while holding my Chopper Command cartridge which I also still play!
Celestest,Legna,https://www.lexaloffle.com/media/140882/2s2iwz7kiodb1.jpg,https://www.lexaloffle.com/bbs/widget.php?pid=celestest,CC4-BY-NC-SA,1,,[AtomicPico]: Mark as Spam Mark as Abuse AtomicPico • 2026-04-02 2026-04-02 23:13 Nice art
TDRAW,ciyproto,https://www.lexaloffle.com/media/144681/Screenshot From 2026-03-29 15-34-00.png,https://www.lexaloffle.com/bbs/widget.php?pid=tdraw,CC4-BY-NC-SA,2,,
Snokie Remade,levster,https://www.lexaloffle.com/bimg/pi/pi17.png,https://www.lexaloffle.com/bbs/widget.php?pid=wubirakari,CC4-BY-NC-SA,4,,"[MANHILL]: Mark as Spam Mark as Abuse MANHILL • 2026-04-06 2026-04-06 10:52 yay, i played that a lot on my atari 800... great remake!"
noolld8 (Balloon mod),RealShadowCaster,https://www.lexaloffle.com/media/82211/7_realshadowcaster.png,https://www.lexaloffle.com/bbs/widget.php?pid=noolld8,11,11,,"[Lobo]: 1 Mark as Spam Mark as Abuse Lobo • 2026-04-03 2026-04-03 15:37 OMG THIS IS SO COOL ♥ | [thePixelXb_]: Mark as Spam Mark as Abuse thePixelXb_ • 2026-04-03 2026-04-03 15:40 I'm expecting the most for Celeste mode for now :) | [RealShadowCaster]: 2 Mark as Spam Mark as Abuse RealShadowCaster • 2026-04-08 2026-04-08 06:35 @thePixelXb_ it's coming, you can try to win with flip+big+soap in the mean time ;) @Lobo , really like de 8 points collision check system. By adjusting the lower point to the bottom of the big balloon I get genrous but conv | [Lobo]: 2 Mark as Spam Mark as Abuse Lobo • 2026-04-08 2026-04-08 16:45 Damn, big+soap is BRUTAL | [RealShadowCaster]: 1 Mark as Spam Mark as Abuse RealShadowCaster • 2026-04-08 2026-04-08 16:59 My daughter agrees with you @Lobo"
Siege,rufenerd,https://www.lexaloffle.com/media/140289/Screenshot 2026-01-30 at 2.32.04 PM.png,https://www.lexaloffle.com/bbs/widget.php?pid=siege_rufenerd_v1,CC4-BY-NC-SA,9,,
my cart hub,ciyproto,https://www.lexaloffle.com/media/144681/Screenshot From 2026-03-29 15-34-00.png,https://www.lexaloffle.com/bbs/widget.php?pid=carthub,CC4-BY-NC-SA,3,,
Secret Order (Trijam #365),bigbumblebee,https://www.lexaloffle.com/bbs/thumbs/pico8_secretorder-2.png,https://www.lexaloffle.com/bbs/widget.php?pid=secretorder,CC4-BY-NC-SA,10,,"[mikamembert]: 1 Mark as Spam Mark as Abuse mikamembert • 2026-04-02 2026-04-02 15:59 Nice | [bigbumblebee]: Mark as Spam Mark as Abuse bigbumblebee • 2026-04-02 2026-04-02 16:27 @mikamembert Thanks | [paloblancogames]: 1 Mark as Spam Mark as Abuse paloblancogames • 2026-04-04 2026-04-04 01:06 Love the premise, and the graphics are great. However, I'm colorblind, and I have a very hard time seeing which down arrow is highlighted and which is not. Maybe choose a more contrasting color for the players choice, like or | [bigbumblebee]: Mark as Spam Mark as Abuse bigbumblebee • 2026-04-04* 2026-04-04 10:29* @paloblancogames Thanks for playing and your feedback! I did not think about it, I'm sorry... I will definitely change this ♥️ edit: I changed the arrow! I hope it's better now :) | [gingersaurus]: 1 Mark as Spam Mark as Abuse gingersaurus • 2026-04-06 2026-04-06 00:53 The visuals for this are absolutely fantastic! Great use of color and sprite design throughout. It was so much fun cracking the code. My personal favorite puzzles are ones that have a pattern. Finding that pattern is always such"
Turnip Head's Balancing Act,Tont,https://www.lexaloffle.com/media/73825/PXL_20240613_173344219.jpg,https://www.lexaloffle.com/bbs/widget.php?pid=turniphead1,CC4-BY-NC-SA,17,,"[thePixelXb_]: 1 Mark as Spam Mark as Abuse thePixelXb_ • 2026-04-01 2026-04-01 04:14 Not that toughie to endure the first 30 seconds, but eventually I managed to erase my shameful resistance memo with ⬆️ + 🅾️ in the title. | [Elryth]: Mark as Spam Mark as Abuse Elryth • 2026-04-02 2026-04-02 23:57 That was fun, good job! | [testRobot]: 1 Mark as Spam Mark as Abuse testRobot • 2026-04-04 2026-04-04 22:34 A shameful 51 seconds. Good fun :) shame the music doesn't loop. At one point I reached perfect equilibrium and thought I'd broken it but I see you have that covered too 😁 | [Heracleum]: Mark as Spam Mark as Abuse Heracleum • 2026-04-05* 2026-04-05 16:33* Aha fun!⭐ My best so far: -67- 106"
Pushblock Dungeon,PallidSun,https://www.lexaloffle.com/media/130758/3_IMG_3639.png,https://www.lexaloffle.com/bbs/widget.php?pid=korepudiw,CC4-BY-NC-SA,6,,"[thePixelXb_]: Mark as Spam Mark as Abuse thePixelXb_ • 2026-04-01 2026-04-01 07:09 Love how you can go from the rim of the gates, and then float-walking outside the box. And even with an… you know where it is inspired from :) | [PallidSun]: Mark as Spam Mark as Abuse PallidSun • 2026-04-01 2026-04-01 12:10 The out of bounds is absolutely intentional. I also left in (spoiler) a method of box duplication via the map and room resetting. Glad you enjoyed it! | [thePixelXb_]: Mark as Spam Mark as Abuse thePixelXb_ • 2026-04-01 2026-04-01 15:08 @PallidSun : Now no wonder why I'd had a pair of crossing room boxes. Kinda weird but at least it speeds up the progress somehow. | [Verb]: Mark as Spam Mark as Abuse Verb • 2026-04-01 2026-04-01 17:26 I made it across! ... ............. Pushblock dungeon A rules discovery puzzle game made for the Bad Ideas Game Jam. | [Dando_]: Mark as Spam Mark as Abuse Dando_ • 2026-04-03 2026-04-03 16:26 I found a way to beat it without going through every room, thanks to the screen wrapping on the map"
Hunt the Wumpus,cheepicus,https://i.imgur.com/kSWjuWP.png,https://www.lexaloffle.com/bbs/widget.php?pid=wumpusmell,CC4-BY-NC-SA,20,,"[Конор]: 2 Mark as Spam Mark as Abuse Конор • 2026-04-01 2026-04-01 07:51 I still don't understand why I need information that he's nearby if it doesn't give me anything? | [thePixelXb_]: 2 Mark as Spam Mark as Abuse thePixelXb_ • 2026-04-01 2026-04-01 15:14 Ending 4: manage to shot onto yourself with your only arrow. | [Verb]: 2 Mark as Spam Mark as Abuse Verb • 2026-04-01 2026-04-01 16:02 Got the 6'th tombstone. 'Nothin but net 😄 | [cheepicus]: Mark as Spam Mark as Abuse cheepicus • 2026-04-01 2026-04-01 21:31 Конор , I think if the smell range was only 1 room it would be too easy. | [Munchkin]: 1 Mark as Spam Mark as Abuse Munchkin • 2026-04-02 2026-04-02 00:00 I love the style and animations!"
Sort It Out,plushie,https://www.lexaloffle.com/bimg/pi/pi6.png,https://www.lexaloffle.com/bbs/widget.php?pid=sort_it_out,13,13,,"[FoxyChalet]: Mark as Spam Mark as Abuse FoxyChalet • 2026-04-02 2026-04-02 17:32 Good customization, good change up on an overused gameplay style. I think this is very worth playing. | [paloblancogames]: Mark as Spam Mark as Abuse paloblancogames • 2026-04-04 2026-04-04 01:11 Hmmm... It's a lovely game, and well made top to bottom. For some reason, I REALLY struggle to make even a single row. It's very challenging!! I sort of don't even know where to start. I'm gonna try again when I have a gamepad. | [nitsuj]: Mark as Spam Mark as Abuse nitsuj • 2026-04-04 2026-04-04 17:05 awesome, feels very complete"
i made another cart,ciyproto,https://www.lexaloffle.com/media/144681/Screenshot From 2026-03-29 15-34-00.png,https://www.lexaloffle.com/bbs/widget.php?pid=minerthingie,CC4-BY-NC-SA,6,,
Untitled,Flingus Four,https://www.lexaloffle.com/media/143172/pico8pfp.png,https://www.lexaloffle.com/bbs/widget.php?pid=bubbagolf,17,17,,"[mikamembert]: Mark as Spam Mark as Abuse mikamembert • 2026-04-01 2026-04-01 11:10 Nice! | [nitsuj]: Mark as Spam Mark as Abuse nitsuj • 2026-04-03 2026-04-03 15:04 very good for a first game, maybe some checkpoints would be nice."
fanboat,fanboat,https://www.lexaloffle.com/bimg/pi/pi13.png,https://www.lexaloffle.com/bbs/widget.php?pid=fanboat004,CC4-BY-NC-SA,5,,[JamesWoodwright]: 1 Mark as Spam Mark as Abuse JamesWoodwright • 2026-03-31 2026-03-31 10:18 It's a little too easy I could leave the game running and get a highscore. But I still downloaded the cart.
Cave Cat (adapted from Dylan Bennett's zine),midoriw,https://www.lexaloffle.com/media/144902/2_hehecat.png,https://www.lexaloffle.com/bbs/widget.php?pid=doukutsunekonogeemu,CC4-BY-NC-SA,2,,[mikamembert]: Mark as Spam Mark as Abuse mikamembert • 2026-04-01* 2026-04-01 10:59* Very cool! Is this your first PICO-8 game or even your very first game?
Sally's Star Racers PX v1.0,paloblancogames,https://www.lexaloffle.com/bbs/files/14827/doba.png,https://www.lexaloffle.com/bbs/widget.php?pid=sallystarracerspx,CC4-BY-NC-SA,25,,"[Ulexes]: 2 Mark as Spam Mark as Abuse Ulexes • 2026-03-31 2026-03-31 04:19 Everybody is going to compliment this for being a technical marvel. And they'll be right! So instead, I wanted to shout out the soundtrack. I found it pleasing to listen to, and appreciated how well they set the mood for each course.  | [paloblancogames]: Mark as Spam Mark as Abuse paloblancogames • 2026-03-31* 2026-03-31 10:53* @Ulexes thanks for calling out the music! Part of what took me so long to get this developed was that I decided to do my own soundtrack, and I was really striving to make music that fit the levels. It's easier to do this now, | [BenZC11]: 1 Mark as Spam Mark as Abuse BenZC11 • 2026-03-31 2026-03-31 13:26 Hey! Couple things: A) Congrats on getting the final tracks put together! B) Cool that you added CPU Levels and Player Skins (Also that they have different stats)! C) Achievements? That’s really impressive! All in all, this is really | [lastofavari]: 1 Mark as Spam Mark as Abuse lastofavari • 2026-04-04 2026-04-04 11:08 A very nice arcade kart racing game that is casual player friendly too, so it gets an insta-thumbs up from me! I've somehow missed the original version, but I'll cover this PX release in the next episode of my Pico-8 adventures f | [paloblancogames]: Mark as Spam Mark as Abuse paloblancogames • 2026-04-04 2026-04-04 23:07 @lastofavari thanks for the clear feedback. I have that change implemented on my dev version right now (left and right will cycle you through the racers or difficulties, in the correct direction). It will be pushed with the nex"
Pico Life,stadam,https://www.lexaloffle.com/media/75813/4_profile_pic_pix.png,https://www.lexaloffle.com/bbs/snippet.php?cart_id=picolifesim-0&src=1,CC4-BY-NC-SA,8,,
Smash bros PICO,TaggelitoTage,https://www.lexaloffle.com/bimg/pi/pi28.png,https://www.lexaloffle.com/bbs/widget.php?pid=fghgfdhg,CC4-BY-NC-SA,4,,"[thePixelXb_]: Mark as Spam Mark as Abuse thePixelXb_ • 2026-03-31* 2026-03-31 02:02* One hit for bettering your cart label: You can screenshot your label at any time, including on running the programs. Given your title image is put on the map, call cls() then map() in the console commandline is a fast way to disp"
bouncing morphing color changing circle tweetcart,ciyproto,https://www.lexaloffle.com/media/144681/Screenshot From 2026-03-29 15-34-00.png,https://www.lexaloffle.com/bbs/widget.php?pid=rainbowcircletc,CC4-BY-NC-SA,5,,[mikamembert]: Mark as Spam Mark as Abuse mikamembert • 2026-04-01 2026-04-01 11:03 Very cool!
PicoBird 1-bit,leafs4n,https://www.lexaloffle.com/bbs/gfxc/142960_0.png,https://www.lexaloffle.com/bbs/snippet.php?cart_id=picobird_1_bit_1_1-1&src=1,CC4-BY-NC-SA,5,,[DRStudio2010]: 1 Mark as Spam Mark as Abuse DRStudio2010 • 2026-04-06 2026-04-06 03:57 PicoBird is awesome | [shomaisshi]: 1 Mark as Spam Mark as Abuse shomaisshi • 2026-04-06 2026-04-06 06:49 nice
utala sike,c0d3l1ght,https://www.lexaloffle.com/bbs/thumbs/pico8_utalasike-2.png,https://www.lexaloffle.com/bbs/widget.php?pid=utalasike,CC4-BY-NC-SA,2,,"[PicoCoder]: Mark as Spam Mark as Abuse PicoCoder • 2026-03-30 2026-03-30 18:29 pona a! mi lukin e ni la mi musi. lon la, mi sona lili e ni: sike li seme? sitelen kon en sitelen telo li seme? sike ""ala_seli"" en sike ""ala_kiwen"" li lon sinpin pi musi ni. taso, mi lukin ala e ona. mi wile lukin e ona la mi o ante  | [c0d3l1ght]: Mark as Spam Mark as Abuse c0d3l1ght • 2026-04-01 2026-04-01 03:41 sike li ijo utala sama sitelen tawa ni https://www.youtube.com/shorts/v1xnsJPbeZA sike ala_kiwen, ala_kon, ala_seli, ala_telo li lon. taso sike ale li ken ala utala lon tenpo ni tan ni: sike li moli la utala li pini. sike tu tu li lo"
beatviz,MANHILL,https://www.lexaloffle.com/bimg/pi/pi28.png,https://www.lexaloffle.com/bbs/widget.php?pid=beatviz,CC4-BY-NC-SA,4,,
Metal doof character select,cosasconje,https://www.lexaloffle.com/media/92249/IMG_20251007_195220.png,https://www.lexaloffle.com/bbs/widget.php?pid=metal_doof_characters_3,CC4-BY-NC-SA,4,,
Wizard Game,bensbuff,https://www.lexaloffle.com/bimg/pi/pi18.png,https://www.lexaloffle.com/bbs/widget.php?pid=wizgame,CC4-BY-NC-SA,9,,"[tip2278]: 2 Mark as Spam Mark as Abuse tip2278 • 2026-04-02 2026-04-02 15:02 wis3d by tip2278 Cart #wis3d-0 / 2026-04-02 / Code ▽ / Embed ▽ / License: CC4-BY-NC-SA Copy and paste the snippet below into your HTML. I Made this because cool | [rufenerd]: 1 Mark as Spam Mark as Abuse rufenerd • 2026-04-03 2026-04-03 02:38 Fun, thanks! | [bensbuff]: 1 Mark as Spam Mark as Abuse bensbuff • 2026-04-03 2026-04-03 23:14 Thank you @tip2278 . 3D Wizard Game is sick! | [tip2278]: Mark as Spam Mark as Abuse tip2278 • 2026-04-08 2026-04-08 22:02 I used @Mot 's instant 3d https://www.lexaloffle.com/bbs/?tid=37982"
Agreste [celeste mod],RobertoFFP,https://www.lexaloffle.com/media/92611/17_1.png,https://www.lexaloffle.com/bbs/widget.php?pid=agreste,CC4-BY-NC-SA,7,,"[joyce.franco21]: 1 Mark as Spam Mark as Abuse joyce.franco21 • 2026-03-29 2026-03-29 23:45 Beautiful mod! I love it. | [Cowirrie]: 1 Mark as Spam Mark as Abuse Cowirrie • 2026-03-30* 2026-03-30 08:51* Nicely different tileset. Could the key be redrawn in a color that contrasts more with the sand? Also, are these all the fruits? I nearly missed several of the ones hidden inside walls, so there may be others. | [RobertoFFP]: Mark as Spam Mark as Abuse RobertoFFP • 2026-03-30* 2026-03-30 10:26* @Cowirrie , amazing feedback. Thanks! :) Added these notes in the todo list. There are more fruits. I'll ajdust to display total as well. | [Loopseeder9999]: 1 Mark as Spam Mark as Abuse Loopseeder9999 • 2026-03-30* 2026-03-30 13:30* Hey, so the end screen says there's 32 fruits, and I'm checking if that's right. I can't for the life of me find any more than 21. Additionally, at 32, one screen would need to have 2 fruits including Summit. I thought maybe | [RobertoFFP]: Mark as Spam Mark as Abuse RobertoFFP • 2026-03-30* 2026-03-30 14:53* @Loopseeder9999 , no golden fruit implemented in this version. I need to review and fix the fruits logic. Not 32 fruits. Thanks for the feedback!"
Metal doof (test engine),cosasconje,https://www.lexaloffle.com/media/92249/IMG_20251007_195220.png,https://www.lexaloffle.com/bbs/widget.php?pid=metal_doof_test1,CC4-BY-NC-SA,3,,"[ChazBCook]: Mark as Spam Mark as Abuse ChazBCook • 2026-03-30 2026-03-30 01:23 I like how the gun points in the direction you’re firing—nice touch. There’s a small bug when facing right: if you shoot up or down, the bullets spawn about 8 pixels too far to the right. Overall, great job—I’m looking forward to fut | [cosasconje]: Mark as Spam Mark as Abuse cosasconje • 2026-03-30 2026-03-30 01:55 @ChazBCook Thanks for appreciating my work. I thought about giving up, but you motivated me to continue. I'll try to fix the bullet issue (which I hadn't noticed) and then I'll start working on the rest, like adding enemies, an intr"
netexplore,ciyproto,https://www.lexaloffle.com/media/144681/Screenshot From 2026-03-29 15-34-00.png,https://www.lexaloffle.com/bbs/widget.php?pid=netexplore1,CC4-BY-NC-SA,4,,[ciyproto]: Mark as Spam Mark as Abuse ciyproto • 2026-03-30 2026-03-30 14:15 threa d | [mikamembert]: Mark as Spam Mark as Abuse mikamembert • 2026-04-02 2026-04-02 15:57 nice
BotaPic,Tbrandt,https://www.lexaloffle.com/media/144819/Screenshot 2026-03-29 at 3.31.39 PM.png,https://www.lexaloffle.com/bbs/widget.php?pid=botapic,CC4-BY-NC-SA,4,,[Конор]: Mark as Spam Mark as Abuse Конор • 2026-04-01 2026-04-01 07:40 Oho | [nitsuj]: 1 Mark as Spam Mark as Abuse nitsuj • 2026-04-04 2026-04-04 16:36 cool but too complex to learn... also i am friendless:(
UNI SURVIVORS,wsasaki,https://www.lexaloffle.com/bimg/pi/pi24.png,https://www.lexaloffle.com/bbs/widget.php?pid=nowogokeze,CC4-BY-NC-SA,4,,"[ChazBCook]: Mark as Spam Mark as Abuse ChazBCook • 2026-03-29 2026-03-29 11:50 At 1:92 I selected “student uprising” — it showed a loading bar for a few seconds, then hit an out-of-memory error. What I did get to play was really cool though. Great job! | [thePixelXb_]: 1 Mark as Spam Mark as Abuse thePixelXb_ • 2026-03-29 2026-03-29 13:27 Obviously some optimization is needed. The game froze instantly at after 1 minute with lots of SFXs bursting and a loading icon at upperleft."
Feed The Trains,Squee,https://www.lexaloffle.com/bimg/pi/pi21.png,https://www.lexaloffle.com/bbs/widget.php?pid=feed_the_trains,CC4-BY-NC-SA,5,,"[Конор]: Mark as Spam Mark as Abuse Конор • 2026-03-30 2026-03-30 14:46 Jesus... | [mikamembert]: 2 Mark as Spam Mark as Abuse mikamembert • 2026-03-30 2026-03-30 16:38 Feed The Trains ""playable"" by mikamembert Cart #zoyozudeto-0 / 2026-03-30 / Code ▽ / Embed ▽ / License: CC4-BY-NC-SA Copy and paste the snippet below into your HTML. Hi! I made the game ""playable,"" meaning there's a goal, which i | [Squee]: Mark as Spam Mark as Abuse Squee • 2026-03-30 2026-03-30 16:54 This is perfect! I had an idea based on your game. Different rarity ""babies."" Thanks for creating something from my thing! It's inspirational. | [mikamembert]: Mark as Spam Mark as Abuse mikamembert • 2026-03-30* 2026-03-30 20:18* You're welcome, I'm glad to have contributed to the final masterpiece 😁!"
Hell Rider,VSTR,https://www.lexaloffle.com/bimg/pi/pi22.png,https://www.lexaloffle.com/bbs/widget.php?pid=hellrider,CC4-BY-NC-SA,5,,
How to Leave the Hero's Guild,ahill_a,https://www.lexaloffle.com/bimg/pi/pi1.png,https://www.lexaloffle.com/bbs/widget.php?pid=heroquit,CC4-BY-NC-SA,9,,"[thePixelXb_]: Mark as Spam Mark as Abuse thePixelXb_ • 2026-03-28* 2026-03-28 18:48* That must be way more complicated then signing a few days off from a company / school! Not a pro of Old English, still it is relatable for somehow. | [spaceyraygun]: Mark as Spam Mark as Abuse spaceyraygun • 2026-03-28 2026-03-28 19:21 i just want to leave the gym! | [Verb]: 1 Mark as Spam Mark as Abuse Verb • 2026-03-28 2026-03-28 19:23 I wonder what was more difficult: slaying the DEMON LORD or collecting quest receipts. | [RealShadowCaster]: 2 Mark as Spam Mark as Abuse RealShadowCaster • 2026-03-29 2026-03-29 20:59 Honestly, Hero's guild admin is top notch. Procedures may be a bit convoluted but the personnel is always available, there is no queue, information given is reliable and useful, personnel tell you immediately if they are of "
Music covers batch №2 + new visualizer,collinthenewmaker,https://www.lexaloffle.com/media/71079/IMG_20250701_190632_098.jpg,https://www.lexaloffle.com/bbs/widget.php?pid=collinnewmaker_vizualizer,CC4-BY-NC-SA,3,,[Verb]: Mark as Spam Mark as Abuse Verb • 2026-04-03 2026-04-03 17:07 Another great collection of covers
Room of Dog,MehStrongBadMeh,https://www.lexaloffle.com/media/47878/MSBMModAvatarImageAqui.png,https://www.lexaloffle.com/bbs/widget.php?pid=room_of_dog,CC4-BY-NC-SA,7,,[Ragnir73]: Mark as Spam Mark as Abuse Ragnir73 • 2026-03-28 2026-03-28 14:45 dogsong :DD... hmm... the loop is not so accurate... it's more annoying than the dog XD... | [SpookyWasTaken1]: Mark as Spam Mark as Abuse SpookyWasTaken1 • 2026-03-29 2026-03-29 17:55 @Ragnir73 I thought it was impossible to be more annoying than the dog.
Carter VS: Tweaker DEMO,freakahtron,https://www.lexaloffle.com/media/143338/this UGLY thing.png,https://www.lexaloffle.com/bbs/widget.php?pid=cartergame,2,2,,[MSQUAINT]: Mark as Spam Mark as Abuse MSQUAINT • 2026-04-06 2026-04-06 08:13 Hell yeah get em
Neo Pussy Masters,beanborg,https://www.lexaloffle.com/media/42087/download20201103185223.png,https://www.lexaloffle.com/bbs/widget.php?pid=neopussymasters,CC4-BY-NC-SA,6,,"[PicoChuuuu]: 1 Mark as Spam Mark as Abuse PicoChuuuu • 2026-03-28 2026-03-28 19:47 I'm disappointed to see this on Splore. My children love Pico 8 and discovering new games on Splore. We have even started developing our own game together. Sadly I think they will have to stop using it. This is the first game I've | [poo_poo_pants]: 1 Mark as Spam Mark as Abuse poo_poo_pants • 2026-03-28 2026-03-28 20:07 @PicoChuuuu there are a couple other nsfw games on lexaloffle, but yeah, I really wish we had an nsfw tag that could filter these out when ""safe search"" or something like that is enabled | [beanborg]: Mark as Spam Mark as Abuse beanborg • 2026-03-28 2026-03-28 20:13 Thanks for the feedback! Nobody is forcing you to play it. | [poo_poo_pants]: Mark as Spam Mark as Abuse poo_poo_pants • 2026-03-28 2026-03-28 21:07 @beanborg that's definitely true, but I think parents' concern also lies with the game's title itself, and the fact that it's visible on the general bbs. As a kid, there was a little while where I wasn't allowed to play portal 2  | [Verb]: 2 Mark as Spam Mark as Abuse Verb • 2026-03-29* 2026-03-29 01:16* Well that was an experience. Personally I found it to be borderline obscene, despite the obvious sillyness. I recommend toning it down for the bbs and leaving the ""unfiltered"" stuff for itch, to prevent lessen the chances of the game "
picosmash8,TaggelitoTage,https://www.lexaloffle.com/bimg/pi/pi28.png,https://www.lexaloffle.com/bbs/snippet.php?cart_id=picosmash8-1&src=1,CC4-BY-NC-SA,3,,"[Starlyax]: Mark as Spam Mark as Abuse Starlyax • 2026-03-28 2026-03-28 22:05 FINALLY SMASH IN PICO-8!!!!! This dosent haves soo much things yet, but its awesome! I hope this gets better in future updates or other versions :)"
Pizza Tower - John Gutter (Demake) (NEW),allmightythunder,https://www.lexaloffle.com/media/75008/160_Screenshot 2026-01-01 225532.png,https://www.lexaloffle.com/bbs/widget.php?pid=pizzatowerdemakejohngutter,CC4-BY-NC-SA,4,,
"Scoundrels, Guns and Vengeance",voidgazerBon,https://www.lexaloffle.com/media/79679/2_profile_pic_248x248.png,https://www.lexaloffle.com/bbs/widget.php?pid=scoundres_guns_vengeance,26,26,,"[Retro_Pup_Pico_8]: 2 Mark as Spam Mark as Abuse Retro_Pup_Pico_8 • 2026-03-27* 2026-03-27 16:11* Very interesting little game with an awesome theme. I also love the 1-bit style graphics. Here’s what I managed to do! The TNT is very useful, even with just 3 sticks of it. | [moleman]: 1 Mark as Spam Mark as Abuse moleman • 2026-03-27 2026-03-27 17:19 This feels very original and well made as a little score attack puzzle game! It's a great idea. I really like the music too. I would love to have name entry for high scores if you are planning on updating it ever! | [phil]: 1 Mark as Spam Mark as Abuse phil • 2026-03-28 2026-03-28 13:46 A really fun game with a nice aesthetic. | [voidgazerBon]: Mark as Spam Mark as Abuse voidgazerBon • 2026-03-28 2026-03-28 17:40 @Retro_Pup_Pico_8 Congrats on completing your revenge! 10k score is pretty good. @moleman Thank you. The name entry is a great idea. I am writing it down for the eventual update. @phil Thank you! I am glad to hear that you liked i | [Giars]: 1 Mark as Spam Mark as Abuse Giars • 2026-03-31 2026-03-31 10:29 Nice concept, easy but hard to master. Want to do more runs! Great job"
NUMBAKO -なんばこ-,carasohmi,https://www.lexaloffle.com/media/143193/3_icon.png,https://www.lexaloffle.com/bbs/widget.php?pid=numbako_jack,263,263,,"[thePixelXb_]: 1 Mark as Spam Mark as Abuse thePixelXb_ • 2026-03-27 2026-03-27 16:13 Nice Jacking technique to make my opponent's fillin' count going overfilled :) (It is a 21-sum bar with 9 stocked bars underneath.) | [carasohmi]: 1 Mark as Spam Mark as Abuse carasohmi • 2026-03-27 2026-03-27 17:35 @thePixelXb_ Thanks for showing me such an incredible play! Wow, that’s a massive combo at once! ;) Saika-chan must be swiming in a pool of blocks... poor girl! Also, I noticed the damage counter is literally overflowing from the U | [carasohmi]: 2 Mark as Spam Mark as Abuse carasohmi • 2026-03-28* 2026-03-28 14:17* I'm currently developing a dialogue demo! Hmm... who is this fox yokai-girl? Stay tuned! :) | [mabbees]: 2 Mark as Spam Mark as Abuse mabbees • 2026-03-29 2026-03-29 03:57 @carasohmi this is really cute! I love the characters. I wanted to mention one thing about the English translation: when going over 21, we usually say ""bust"" instead of ""burst"". They're spelled differently even though they sound simi | [carasohmi]: 1 Mark as Spam Mark as Abuse carasohmi • 2026-03-29 2026-03-29 11:32 @mabbees Thank you! I put a lot of effort into making the characters cute, so I’m really glad you like them! :) >bust Oh! Really? I like how “burst” matched the explosive image of attacking , but I guess I misunderstood the nuance…"
Joust Remade,levster,https://www.lexaloffle.com/bimg/pi/pi17.png,https://www.lexaloffle.com/bbs/widget.php?pid=zodekinosi,6,6,,"[Minion]: 2 Mark as Spam Mark as Abuse Minion • 2026-03-27 2026-03-27 13:55 Hope you will be crediting @rikimbo for the use of his graphics and code. | [rikimbo]: 1 Mark as Spam Mark as Abuse rikimbo • 2026-03-27 2026-03-27 14:27 This is cool! Now we've got a mix of gameplay from the Atari 2600 version and graphics from the arcade / Atari 7800 version. I love it <3 As for attribution, I see you included my name in the comments at the top and that's fine with  | [DRStudio2010]: Mark as Spam Mark as Abuse DRStudio2010 • 2026-03-30 2026-03-30 17:53 Joust game looks cool!"
Terasand - Sand Tetris,TaggelitoTage,https://www.lexaloffle.com/bimg/pi/pi28.png,https://www.lexaloffle.com/bbs/widget.php?pid=terasnd87,CC4-BY-NC-SA,3,,"[thePixelXb_]: 2 Mark as Spam Mark as Abuse thePixelXb_ • 2026-03-27 2026-03-27 16:46 Seems I have seen that idea from one another thread months before. As Tetrises becomes sand and they are removed only by the criteria of the same color connects straight from and to the horizontal borders, unrelated with shapes,  | [TaggelitoTage]: 1 Mark as Spam Mark as Abuse TaggelitoTage • 2026-03-30 2026-03-30 09:48 Actually a good idea! It does make more sense. Thanks for the feedback! | [FoxyChalet]: Mark as Spam Mark as Abuse FoxyChalet • 2026-04-02 2026-04-02 18:25 Another Santrix Port! Love it. The scale is just a bit off here and everything moves very slowly, otherwise it's a very good start."
Kirby Pico,TaggelitoTage,https://www.lexaloffle.com/bimg/pi/pi28.png,https://www.lexaloffle.com/bbs/snippet.php?cart_id=kbpico87-1&src=1,CC4-BY-NC-SA,3,,[DRStudio2010]: Mark as Spam Mark as Abuse DRStudio2010 • 2026-03-28 2026-03-28 22:41 Kirby in Pico-8
shrimpkeeper,zvxr,https://www.lexaloffle.com/bimg/pi/pi10.png,https://www.lexaloffle.com/bbs/widget.php?pid=shrimpkeeper,CC4-BY-NC-SA,1,,"[zvxr]: 1 Mark as Spam Mark as Abuse zvxr • 2026-03-27 2026-03-27 05:26 I made this game because I am an obsessed neo-caridina shrimp keeper. I tried to loosely mirror some of the realities of managing all the water parameters within a tank. INSTRUCTIONS.md Overview This is a shrimp tank management game. Mo | [thePixelXb_]: Mark as Spam Mark as Abuse thePixelXb_ • 2026-03-27* 2026-03-27 05:42* You can easily be softlocked by clinging to a grown-up shrimp (and that way you'll be stuck even in mid-water). Edit: okay with that. Down + Z works for most of the time. Moreover, snails are not even biting any of the algae, whi | [zvxr]: 1 Mark as Spam Mark as Abuse zvxr • 2026-03-27* 2026-03-27 05:53* down + z will hold a shrimp you are closest to (and then shifting you can hit z again to release). It helps get out of most soft lock, but have had it happen with 6+ things close together. I might work on the hit box or physics a litt"
